epoch,time,train/box_loss,train/cls_loss,train/l1_loss,metrics/precision(B),metrics/recall(B),metrics/mAP50(B),metrics/mAP50-95(B),val/box_loss,val/cls_loss,val/l1_loss,lr/pg0,lr/pg1,lr/pg2,lr/pg3,lr/pg4,lr/pg5,lr/pg6,lr/pg7
1,849.472,2.46708,1.96283,0.00569,0.60156,0.40332,0.42958,0.19701,1.55336,1.53431,0.01179,0.00999693,0.00333231,0.00999693,0.00333231,0.00999693,0.00333231,0.00999693,0.00333231
2,1606.03,2.46152,1.94398,0.00591,0.55858,0.39209,0.40951,0.17322,1.70024,1.76803,0.01495,0.019799,0.00659965,0.019799,0.00659965,0.019799,0.00659965,0.019799,0.00659965
3,2357.93,2.57712,2.11896,0.0067,0.44156,0.30829,0.2804,0.10324,1.91732,2.4362,0.01927,0.029403,0.009801,0.029403,0.009801,0.029403,0.009801,0.029403,0.009801
4,3095.63,2.64085,2.21494,0.00725,0.43321,0.3153,0.28894,0.10513,1.93137,2.51877,0.01885,0.029109,0.009703,0.029109,0.009703,0.029109,0.009703,0.029109,0.009703
5,3832.71,2.5969,2.12005,0.00686,0.51526,0.36344,0.35556,0.13784,1.86097,2.10893,0.01796,0.028812,0.009604,0.028812,0.009604,0.028812,0.009604,0.028812,0.009604
6,4568.24,2.56039,2.05858,0.0065,0.53815,0.39649,0.39239,0.15948,1.81992,2.18196,0.018,0.028515,0.009505,0.028515,0.009505,0.028515,0.009505,0.028515,0.009505
7,5304.91,2.53324,2.00505,0.00653,0.54388,0.39711,0.4042,0.15997,1.81404,2.06919,0.01751,0.028218,0.009406,0.028218,0.009406,0.028218,0.009406,0.028218,0.009406
8,6039.03,2.50042,1.95107,0.00644,0.57187,0.4141,0.42335,0.17585,1.79507,2.01072,0.01667,0.027921,0.009307,0.027921,0.009307,0.027921,0.009307,0.027921,0.009307
9,6775.81,2.47531,1.92154,0.00637,0.57763,0.41577,0.43454,0.17869,1.74861,1.77583,0.01652,0.027624,0.009208,0.027624,0.009208,0.027624,0.009208,0.027624,0.009208
10,7508.09,2.46811,1.89067,0.0061,0.59183,0.41686,0.43573,0.18739,1.70673,1.90947,0.01561,0.027327,0.009109,0.027327,0.009109,0.027327,0.009109,0.027327,0.009109
11,8236.93,2.433,1.85037,0.0061,0.57728,0.42465,0.43543,0.18686,1.69719,1.87011,0.01542,0.02703,0.00901,0.02703,0.00901,0.02703,0.00901,0.02703,0.00901
12,8968.26,2.42061,1.82681,0.00607,0.58386,0.42668,0.43725,0.18762,1.67617,1.7781,0.01487,0.026733,0.008911,0.026733,0.008911,0.026733,0.008911,0.026733,0.008911
13,9698.07,2.41166,1.80406,0.00589,0.61122,0.42886,0.45483,0.19541,1.63175,1.79351,0.01417,0.026436,0.008812,0.026436,0.008812,0.026436,0.008812,0.026436,0.008812
14,10425.6,2.40658,1.79977,0.00595,0.61004,0.43902,0.46314,0.20439,1.63735,1.77939,0.01426,0.026139,0.008713,0.026139,0.008713,0.026139,0.008713,0.026139,0.008713
15,11154.2,2.39077,1.7694,0.00559,0.62079,0.43736,0.46523,0.20813,1.62804,1.76723,0.01408,0.025842,0.008614,0.025842,0.008614,0.025842,0.008614,0.025842,0.008614
16,11878.1,2.37688,1.75769,0.00573,0.60245,0.44411,0.47276,0.2086,1.62613,1.67186,0.01437,0.025545,0.008515,0.025545,0.008515,0.025545,0.008515,0.025545,0.008515
17,12606.1,2.37236,1.74099,0.00561,0.62383,0.44399,0.47751,0.21382,1.60352,1.58476,0.01385,0.025248,0.008416,0.025248,0.008416,0.025248,0.008416,0.025248,0.008416
18,13334,2.37062,1.73216,0.00562,0.61592,0.44796,0.47879,0.21987,1.58368,1.54784,0.01352,0.024951,0.008317,0.024951,0.008317,0.024951,0.008317,0.024951,0.008317
19,14061.9,2.35261,1.71105,0.00558,0.63421,0.44801,0.48108,0.22246,1.57407,1.59395,0.01335,0.024654,0.008218,0.024654,0.008218,0.024654,0.008218,0.024654,0.008218
20,14790.1,2.34267,1.69673,0.00537,0.64832,0.45525,0.49476,0.23021,1.57293,1.51637,0.01347,0.024357,0.008119,0.024357,0.008119,0.024357,0.008119,0.024357,0.008119
21,15517.2,2.32296,1.69753,0.00549,0.64934,0.4678,0.50869,0.23217,1.54926,1.50216,0.01291,0.02406,0.00802,0.02406,0.00802,0.02406,0.00802,0.02406,0.00802
22,16246.6,2.33819,1.68663,0.00546,0.64348,0.46111,0.50139,0.23523,1.55034,1.54096,0.01303,0.023763,0.007921,0.023763,0.007921,0.023763,0.007921,0.023763,0.007921
23,16974.7,2.31885,1.6674,0.00538,0.64217,0.46329,0.50258,0.23731,1.53534,1.46871,0.01289,0.023466,0.007822,0.023466,0.007822,0.023466,0.007822,0.023466,0.007822
24,17702.2,2.30463,1.65805,0.00546,0.65575,0.46598,0.50219,0.23539,1.53699,1.49975,0.01282,0.023169,0.007723,0.023169,0.007723,0.023169,0.007723,0.023169,0.007723
25,18430.1,2.3178,1.64563,0.00525,0.65114,0.46573,0.50685,0.24001,1.53032,1.4449,0.01283,0.022872,0.007624,0.022872,0.007624,0.022872,0.007624,0.022872,0.007624
26,19157.9,2.29958,1.64156,0.00521,0.65976,0.46826,0.51001,0.24129,1.52207,1.47883,0.01247,0.022575,0.007525,0.022575,0.007525,0.022575,0.007525,0.022575,0.007525
27,19886.4,2.30329,1.62985,0.00514,0.66668,0.47182,0.51677,0.24771,1.52293,1.43033,0.01274,0.022278,0.007426,0.022278,0.007426,0.022278,0.007426,0.022278,0.007426
28,20615.9,2.30601,1.62801,0.00514,0.66083,0.47559,0.51928,0.25017,1.48578,1.43892,0.012,0.021981,0.007327,0.021981,0.007327,0.021981,0.007327,0.021981,0.007327
29,21342.9,2.29294,1.62947,0.00519,0.66696,0.47695,0.51802,0.24997,1.48931,1.43,0.01236,0.021684,0.007228,0.021684,0.007228,0.021684,0.007228,0.021684,0.007228
30,22071.1,2.27284,1.60388,0.00518,0.66892,0.47558,0.51917,0.25108,1.49412,1.45343,0.01229,0.021387,0.007129,0.021387,0.007129,0.021387,0.007129,0.021387,0.007129
31,22799.2,2.27977,1.59483,0.00508,0.66941,0.46817,0.51472,0.24957,1.50423,1.3908,0.01259,0.02109,0.00703,0.02109,0.00703,0.02109,0.00703,0.02109,0.00703
32,23528.3,2.24631,1.5802,0.00508,0.67809,0.47422,0.52323,0.25549,1.48701,1.35171,0.01205,0.020793,0.006931,0.020793,0.006931,0.020793,0.006931,0.020793,0.006931
33,24256.2,2.266,1.58206,0.00516,0.68655,0.47239,0.52348,0.25477,1.49507,1.35785,0.01234,0.020496,0.006832,0.020496,0.006832,0.020496,0.006832,0.020496,0.006832
34,24982.9,2.26481,1.58239,0.00501,0.68088,0.47853,0.52507,0.25659,1.47223,1.3776,0.01183,0.020199,0.006733,0.020199,0.006733,0.020199,0.006733,0.020199,0.006733
35,25709.8,2.2446,1.56766,0.00508,0.6796,0.48122,0.52929,0.25913,1.46108,1.31616,0.01175,0.019902,0.006634,0.019902,0.006634,0.019902,0.006634,0.019902,0.006634
36,26436.6,2.24674,1.54562,0.00494,0.68633,0.48415,0.53911,0.26313,1.45245,1.29518,0.01142,0.019605,0.006535,0.019605,0.006535,0.019605,0.006535,0.019605,0.006535
37,27163.7,2.25094,1.56502,0.00502,0.68692,0.4895,0.54133,0.26746,1.46462,1.31165,0.01207,0.019308,0.006436,0.019308,0.006436,0.019308,0.006436,0.019308,0.006436
38,27892.2,2.24343,1.55496,0.00497,0.69447,0.48535,0.54533,0.2678,1.45925,1.29935,0.01183,0.019011,0.006337,0.019011,0.006337,0.019011,0.006337,0.019011,0.006337
39,28618.4,2.23348,1.54058,0.00502,0.68842,0.49257,0.54195,0.26873,1.44343,1.30065,0.0115,0.018714,0.006238,0.018714,0.006238,0.018714,0.006238,0.018714,0.006238
40,29346.9,2.22805,1.56033,0.00494,0.68735,0.49127,0.54041,0.26873,1.44329,1.29397,0.01137,0.018417,0.006139,0.018417,0.006139,0.018417,0.006139,0.018417,0.006139
41,30076.9,2.22054,1.52921,0.00493,0.69146,0.49103,0.54309,0.27144,1.43799,1.28557,0.01131,0.01812,0.00604,0.01812,0.00604,0.01812,0.00604,0.01812,0.00604
42,30805.1,2.21691,1.51638,0.00491,0.70492,0.48764,0.54473,0.27157,1.44161,1.29711,0.01117,0.017823,0.005941,0.017823,0.005941,0.017823,0.005941,0.017823,0.005941
43,31534.2,2.21176,1.51269,0.00477,0.70101,0.49753,0.54792,0.27187,1.43526,1.30817,0.01116,0.017526,0.005842,0.017526,0.005842,0.017526,0.005842,0.017526,0.005842
44,32277.7,2.20483,1.5058,0.0048,0.70133,0.49729,0.5462,0.27454,1.43866,1.29461,0.01144,0.017229,0.005743,0.017229,0.005743,0.017229,0.005743,0.017229,0.005743
45,33008.8,2.20395,1.4984,0.00471,0.69715,0.50222,0.55421,0.27847,1.42457,1.27429,0.01113,0.016932,0.005644,0.016932,0.005644,0.016932,0.005644,0.016932,0.005644
46,33737.7,2.20734,1.49411,0.00462,0.70561,0.49453,0.5543,0.27851,1.42106,1.26646,0.01117,0.016635,0.005545,0.016635,0.005545,0.016635,0.005545,0.016635,0.005545
47,34466.6,2.18744,1.48047,0.0047,0.70075,0.50072,0.56052,0.28284,1.41547,1.2549,0.01097,0.016338,0.005446,0.016338,0.005446,0.016338,0.005446,0.016338,0.005446
48,35194.4,2.1917,1.48525,0.00462,0.69984,0.50345,0.55746,0.28292,1.41003,1.25065,0.01087,0.016041,0.005347,0.016041,0.005347,0.016041,0.005347,0.016041,0.005347
49,35922,2.1715,1.46917,0.00469,0.6962,0.50093,0.55668,0.2831,1.40028,1.25128,0.01069,0.015744,0.005248,0.015744,0.005248,0.015744,0.005248,0.015744,0.005248
50,36649.7,2.17025,1.46719,0.00464,0.69924,0.50776,0.55946,0.2852,1.40655,1.24768,0.01087,0.015447,0.005149,0.015447,0.005149,0.015447,0.005149,0.015447,0.005149
51,37378.3,2.17299,1.47129,0.00454,0.70599,0.50487,0.55875,0.285,1.40553,1.23534,0.01079,0.01515,0.00505,0.01515,0.00505,0.01515,0.00505,0.01515,0.00505
52,38106.2,2.18105,1.46764,0.00458,0.70505,0.50654,0.56118,0.28682,1.4044,1.22292,0.01082,0.014853,0.004951,0.014853,0.004951,0.014853,0.004951,0.014853,0.004951
53,38833.7,2.16636,1.45404,0.00459,0.71107,0.50598,0.56392,0.28751,1.3978,1.23002,0.0107,0.014556,0.004852,0.014556,0.004852,0.014556,0.004852,0.014556,0.004852
54,39561,2.1481,1.44766,0.00456,0.70922,0.51083,0.56503,0.28861,1.3967,1.2412,0.01064,0.014259,0.004753,0.014259,0.004753,0.014259,0.004753,0.014259,0.004753
55,40288.8,2.14497,1.44297,0.00446,0.71124,0.51103,0.56587,0.28999,1.39479,1.24588,0.01057,0.013962,0.004654,0.013962,0.004654,0.013962,0.004654,0.013962,0.004654
56,41016.6,2.13883,1.42958,0.00451,0.71503,0.51134,0.57129,0.29222,1.38663,1.24914,0.01048,0.013665,0.004555,0.013665,0.004555,0.013665,0.004555,0.013665,0.004555
57,41745.7,2.14669,1.43347,0.00447,0.71645,0.51095,0.57153,0.29288,1.38467,1.24848,0.01046,0.013368,0.004456,0.013368,0.004456,0.013368,0.004456,0.013368,0.004456
58,42473.1,2.13716,1.41654,0.00451,0.71792,0.51244,0.57256,0.29342,1.38678,1.23805,0.01047,0.013071,0.004357,0.013071,0.004357,0.013071,0.004357,0.013071,0.004357
59,43201.4,2.15,1.43421,0.00437,0.71461,0.51178,0.57126,0.29339,1.38181,1.24077,0.01039,0.012774,0.004258,0.012774,0.004258,0.012774,0.004258,0.012774,0.004258
60,44210.1,2.14138,1.41676,0.0044,0.71717,0.51444,0.57256,0.29471,1.38027,1.23874,0.01041,0.012477,0.004159,0.012477,0.004159,0.012477,0.004159,0.012477,0.004159
61,45344.5,2.13466,1.40948,0.00434,0.71681,0.51514,0.57423,0.29567,1.37881,1.23628,0.01046,0.01218,0.00406,0.01218,0.00406,0.01218,0.00406,0.01218,0.00406
62,46073,2.11298,1.39972,0.00444,0.72065,0.51348,0.57511,0.2965,1.37685,1.23422,0.01041,0.011883,0.003961,0.011883,0.003961,0.011883,0.003961,0.011883,0.003961
63,46806.1,2.11226,1.39728,0.00433,0.72094,0.51354,0.57615,0.29729,1.37701,1.2273,0.01042,0.011586,0.003862,0.011586,0.003862,0.011586,0.003862,0.011586,0.003862
64,47939.2,2.11883,1.39547,0.00434,0.71871,0.51534,0.57598,0.29717,1.37232,1.23545,0.01032,0.011289,0.003763,0.011289,0.003763,0.011289,0.003763,0.011289,0.003763
65,48673.7,2.11068,1.38381,0.0042,0.72077,0.51439,0.57561,0.29699,1.37314,1.23203,0.01033,0.010992,0.003664,0.010992,0.003664,0.010992,0.003664,0.010992,0.003664
66,49409.8,2.1006,1.38107,0.00431,0.72052,0.51402,0.57595,0.29818,1.37307,1.23208,0.01039,0.010695,0.003565,0.010695,0.003565,0.010695,0.003565,0.010695,0.003565
67,50145.3,2.09448,1.37267,0.00421,0.72117,0.51485,0.57716,0.29901,1.37082,1.22874,0.01031,0.010398,0.003466,0.010398,0.003466,0.010398,0.003466,0.010398,0.003466
68,50881.2,2.08444,1.3626,0.0042,0.71912,0.51753,0.57739,0.29985,1.36952,1.23145,0.01027,0.010101,0.003367,0.010101,0.003367,0.010101,0.003367,0.010101,0.003367
69,51727,2.08015,1.36429,0.00422,0.72162,0.51775,0.57854,0.30088,1.36728,1.22709,0.01022,0.009804,0.003268,0.009804,0.003268,0.009804,0.003268,0.009804,0.003268
70,52458.7,2.07693,1.35013,0.00416,0.72562,0.51787,0.58096,0.30185,1.36776,1.22275,0.01026,0.009507,0.003169,0.009507,0.003169,0.009507,0.003169,0.009507,0.003169
71,53190.5,2.07663,1.35038,0.0041,0.72436,0.51787,0.58102,0.30221,1.36867,1.21445,0.01029,0.00921,0.00307,0.00921,0.00307,0.00921,0.00307,0.00921,0.00307
72,53924.9,2.06712,1.33774,0.00413,0.72434,0.51862,0.58148,0.30202,1.36906,1.21266,0.01029,0.008913,0.002971,0.008913,0.002971,0.008913,0.002971,0.008913,0.002971
73,54662.6,2.06425,1.34427,0.0041,0.72274,0.51948,0.58192,0.30223,1.36702,1.21791,0.01023,0.008616,0.002872,0.008616,0.002872,0.008616,0.002872,0.008616,0.002872
74,55401.8,2.06245,1.33671,0.00406,0.72489,0.51907,0.58269,0.30271,1.36741,1.21073,0.01022,0.008319,0.002773,0.008319,0.002773,0.008319,0.002773,0.008319,0.002773
75,56147.1,2.04698,1.33392,0.00408,0.72578,0.51911,0.58162,0.30279,1.36673,1.21055,0.01018,0.008022,0.002674,0.008022,0.002674,0.008022,0.002674,0.008022,0.002674
76,57075.1,2.04878,1.32393,0.0041,0.72659,0.51886,0.58292,0.30309,1.36607,1.21161,0.01015,0.007725,0.002575,0.007725,0.002575,0.007725,0.002575,0.007725,0.002575
77,57812.4,2.0494,1.3185,0.00399,0.72556,0.52048,0.58229,0.30343,1.36476,1.2122,0.01013,0.007428,0.002476,0.007428,0.002476,0.007428,0.002476,0.007428,0.002476
78,58546.9,2.03752,1.32448,0.00398,0.7259,0.52006,0.58206,0.30365,1.3662,1.21131,0.01014,0.007131,0.002377,0.007131,0.002377,0.007131,0.002377,0.007131,0.002377
79,59281.8,2.04689,1.31295,0.00395,0.72591,0.52143,0.58189,0.30341,1.36326,1.21504,0.01011,0.006834,0.002278,0.006834,0.002278,0.006834,0.002278,0.006834,0.002278
80,60038.7,2.02823,1.30798,0.00394,0.72722,0.52111,0.58213,0.30363,1.36373,1.21215,0.0101,0.006537,0.002179,0.006537,0.002179,0.006537,0.002179,0.006537,0.002179
81,60788.4,2.02223,1.29827,0.00396,0.72649,0.52131,0.58191,0.30372,1.36381,1.21106,0.01012,0.00624,0.00208,0.00624,0.00208,0.00624,0.00208,0.00624,0.00208
82,61537.5,2.01553,1.29335,0.00391,0.72314,0.52255,0.58164,0.30351,1.36453,1.21198,0.01013,0.005943,0.001981,0.005943,0.001981,0.005943,0.001981,0.005943,0.001981
83,62277.7,2.01771,1.29968,0.0039,0.72473,0.52236,0.58216,0.30379,1.36421,1.21441,0.01009,0.005646,0.001882,0.005646,0.001882,0.005646,0.001882,0.005646,0.001882
84,63014,2.00825,1.28036,0.00391,0.72299,0.5228,0.5823,0.30393,1.36436,1.21578,0.01011,0.005349,0.001783,0.005349,0.001783,0.005349,0.001783,0.005349,0.001783
85,63857.9,2.01217,1.28393,0.00381,0.72516,0.52253,0.58256,0.30433,1.36395,1.21694,0.01011,0.005052,0.001684,0.005052,0.001684,0.005052,0.001684,0.005052,0.001684
86,64743.3,1.99725,1.28214,0.00384,0.72757,0.52147,0.5825,0.30475,1.36373,1.21818,0.01011,0.004755,0.001585,0.004755,0.001585,0.004755,0.001585,0.004755,0.001585
87,65477.6,1.99967,1.29185,0.00377,0.72776,0.52197,0.58291,0.30498,1.36385,1.21742,0.01011,0.004458,0.001486,0.004458,0.001486,0.004458,0.001486,0.004458,0.001486
88,66215,1.99083,1.26191,0.00375,0.72783,0.52189,0.58307,0.30518,1.36279,1.21917,0.0101,0.004161,0.001387,0.004161,0.001387,0.004161,0.001387,0.004161,0.001387
89,66952.7,1.99255,1.26843,0.00371,0.72952,0.52143,0.58332,0.30544,1.36245,1.21915,0.01009,0.003864,0.001288,0.003864,0.001288,0.003864,0.001288,0.003864,0.001288
90,67693.6,1.98414,1.26055,0.00372,0.73027,0.52172,0.58348,0.30567,1.3628,1.21932,0.01009,0.003567,0.001189,0.003567,0.001189,0.003567,0.001189,0.003567,0.001189
91,68451.6,1.85621,1.19867,0.00434,0.72926,0.52143,0.58301,0.30569,1.36187,1.22002,0.01007,0.00327,0.00109,0.00327,0.00109,0.00327,0.00109,0.00327,0.00109
92,69186.6,1.84531,1.17976,0.00421,0.73026,0.52085,0.58312,0.30588,1.36335,1.22044,0.0101,0.002973,0.000991,0.002973,0.000991,0.002973,0.000991,0.002973,0.000991
93,69916.3,1.84523,1.16433,0.0041,0.72768,0.52127,0.58278,0.30608,1.36245,1.22094,0.0101,0.002676,0.000892,0.002676,0.000892,0.002676,0.000892,0.002676,0.000892
94,70648.2,1.82811,1.16497,0.00427,0.72929,0.52085,0.58315,0.30636,1.36211,1.21873,0.01008,0.002379,0.000793,0.002379,0.000793,0.002379,0.000793,0.002379,0.000793
95,71378.8,1.82452,1.16653,0.00415,0.72995,0.51994,0.58296,0.30637,1.36304,1.21768,0.01007,0.002082,0.000694,0.002082,0.000694,0.002082,0.000694,0.002082,0.000694
96,72108.8,1.82433,1.14613,0.00419,0.73075,0.51961,0.58288,0.30634,1.36341,1.21748,0.0101,0.001785,0.000595,0.001785,0.000595,0.001785,0.000595,0.001785,0.000595
97,72837.8,1.81421,1.14478,0.00405,0.73115,0.51986,0.58307,0.30631,1.36234,1.21906,0.01008,0.001488,0.000496,0.001488,0.000496,0.001488,0.000496,0.001488,0.000496
98,73569,1.81348,1.14331,0.00393,0.73261,0.51932,0.58309,0.30623,1.36211,1.21868,0.01008,0.001191,0.000397,0.001191,0.000397,0.001191,0.000397,0.001191,0.000397
99,74300.5,1.80775,1.12972,0.00407,0.73297,0.51847,0.58272,0.30622,1.36197,1.22131,0.01009,0.000894,0.000298,0.000894,0.000298,0.000894,0.000298,0.000894,0.000298
100,75028.8,1.79991,1.13892,0.00389,0.7327,0.51779,0.58259,0.3061,1.36217,1.22249,0.01009,0.000597,0.000199,0.000597,0.000199,0.000597,0.000199,0.000597,0.000199
